config,n_seeds,parametros,epocas_promedio,val_pr_auc_media,val_pr_auc_desvio,test_pr_auc_media,test_pr_auc_desvio,test_roc_auc_media,test_f1_max_media,test_brier_media
cv5_fold4_features_d32_h4_l2_linear_catordinal_cv5f4,6,26177,65.3,0.8359,0.0295,0.8288,0.0251,0.9748,0.8022,0.0427
pf_qkv_features_d32_h4_l2_linear_catordinal_pfqkv,6,106049,51.2,0.8377,0.0347,0.8284,0.0251,0.9752,0.794,0.0411
reg_do0_features_d32_h4_l2_linear_catordinal_do0,6,26177,66.3,0.8359,0.0265,0.8283,0.0218,0.9748,0.7846,0.0407
tl_distill_ens_d8_features_d8_h4_l2_linear_catordinal_dst1,6,1937,103.2,0.8342,0.0381,0.8282,0.0208,0.9749,0.7882,0.0409
tl_distill_ens_min_features_d16_h4_l1_linear_catordinal_dst1,6,3713,56.3,0.8349,0.0374,0.8274,0.0191,0.9747,0.7889,0.041
robu_init46_features_d32_h4_l2_linear_catordinal_init46,6,26177,59.7,0.8292,0.0409,0.8272,0.0265,0.9752,0.791,0.0408
tl_distill_ens_features_d32_h4_l2_linear_catordinal_dst1,6,26177,47.7,0.8361,0.0351,0.8272,0.0226,0.9744,0.7871,0.0408
robu_init44_features_d32_h4_l2_linear_catordinal_init44,6,26177,62.5,0.8346,0.028,0.8267,0.0172,0.9747,0.7864,0.0412
tl_probe_features_d32_h4_l2_linear_catordinal_do0_ft_frz_rih,6,26177,53.8,0.8328,0.0389,0.8265,0.0175,0.9749,0.7879,0.0428
pf_full_features_d32_h4_l2_linear_catordinal_pfboth,6,323201,45.3,0.8403,0.028,0.8262,0.0275,0.9739,0.7914,0.0415
cv5_fold2_features_d32_h4_l2_linear_catordinal_cv5f2,6,26177,57.0,0.8413,0.0286,0.826,0.0216,0.9766,0.7936,0.0408
reg_fdrop01_features_d32_h4_l2_linear_catordinal_fdrop0.1,6,26177,69.8,0.8375,0.032,0.8259,0.0248,0.9747,0.7871,0.0421
min_d16l1_features_d16_h4_l1_linear_catordinal,6,3713,75.5,0.835,0.0364,0.8254,0.0255,0.9746,0.7857,0.0416
tl_distill_same_features_d32_h4_l2_linear_catordinal_dst1,6,26177,47.0,0.8359,0.036,0.8254,0.0188,0.974,0.7801,0.0424
pf_qkv_d16_features_d16_h4_l2_linear_catordinal_pfqkv,6,26913,66.8,0.841,0.0285,0.8249,0.0257,0.9749,0.7918,0.0421
tl_distill_min_features_d16_h4_l1_linear_catordinal_dst1,6,3713,75.7,0.8357,0.041,0.8247,0.0159,0.9748,0.7826,0.0422
cv5_fold1_features_d32_h4_l2_linear_catordinal_cv5f1,6,26177,72.7,0.8392,0.0233,0.8242,0.0322,0.975,0.803,0.0417
tl_distill_mix_features_d32_h4_l2_linear_catordinal_dst0.5,6,26177,57.3,0.8348,0.0335,0.8241,0.0242,0.9745,0.7834,0.0409
feat_ordinal_features_d32_h4_l2_linear_catordinal,6,26177,63.8,0.8345,0.0373,0.8239,0.0178,0.9748,0.7843,0.042
reg_nada_features_d32_h4_l2_linear_catordinal_do0_wd0,6,26177,68.0,0.8332,0.0264,0.8235,0.0217,0.9746,0.7907,0.0414
reg_wd0_features_d32_h4_l2_linear_catordinal_wd0,6,26177,62.2,0.8397,0.0373,0.8234,0.0221,0.9753,0.7909,0.0406
cv5_fold0_features_d32_h4_l2_linear_catordinal_cv5f0,6,26177,61.3,0.8413,0.0406,0.8223,0.0138,0.9741,0.7959,0.0415
robu_init47_features_d32_h4_l2_linear_catordinal_init47,6,26177,65.2,0.8344,0.033,0.822,0.0198,0.9749,0.7865,0.0419
tl_distill_ens_d8l1_features_d8_h4_l1_linear_catordinal_dst1,6,1089,68.8,0.8298,0.038,0.821,0.0244,0.9735,0.7865,0.0418
pf_gate_features_d32_h4_l2_linear_catordinal_pfgate,6,36929,63.0,0.8337,0.0314,0.8204,0.0292,0.9748,0.7919,0.0414
pf_full_emb_features_d32_h4_l2_linear_pfboth,6,325313,44.2,0.8279,0.0279,0.8186,0.0184,0.974,0.7927,0.043
pf_ffn_features_d32_h4_l2_linear_catordinal_pfffn,6,243329,58.0,0.8435,0.0293,0.8179,0.0138,0.9746,0.7886,0.0419
camp_d64h1l4_features_d64_h1_l4_linear,6,205313,39.0,0.8346,0.0371,0.8178,0.0231,0.9731,0.7903,0.0418
tl_emb_mlp_mlp_d32_h4_l2_linear_catordinal_embfrom,6,388289,67.2,0.8458,0.0226,0.8175,0.0188,0.9754,0.7931,0.0411
curva_frac75_features_d32_h4_l2_linear_catordinal_frac0.75,6,26177,71.5,0.8265,0.0353,0.8172,0.0357,0.9728,0.7858,0.0417
feat_ordinal_mlm20_features_d32_h4_l2_linear_catordinal_mlm20,6,26177,58.8,0.8373,0.0352,0.8168,0.0298,0.9741,0.7859,0.0425
reg_wd1e1_features_d32_h4_l2_linear_catordinal_wd0.1,6,26177,63.2,0.8278,0.0272,0.8168,0.0274,0.9746,0.7863,0.0426
sia_ae_cls_features_d32_h4_l2_linear_catordinal_ae20,6,26177,65.5,0.8319,0.0312,0.8166,0.0329,0.9742,0.7869,0.0422
min_d8l1_features_d8_h4_l1_linear_catordinal,6,1089,80.5,0.831,0.0372,0.8163,0.0173,0.9713,0.7849,0.0421
pac20_feat_h1_features_d32_h1_l2_linear,6,28289,77.8,0.8364,0.0316,0.8157,0.0258,0.9728,0.7881,0.0425
min_d16_features_d16_h4_l2_linear_catordinal,6,6945,61.8,0.8258,0.0331,0.8154,0.0233,0.9738,0.7826,0.0428
pac20_feat_d64_features_d64_h4_l2_linear,6,105729,58.3,0.8323,0.0252,0.8149,0.0269,0.9736,0.7912,0.0418
min_d8_features_d8_h4_l2_linear_catordinal,6,1937,79.0,0.8221,0.039,0.8142,0.0248,0.9714,0.7823,0.043
feat_target_features_d32_h4_l2_linear_cattarget,6,26177,64.3,0.8311,0.0305,0.8134,0.0245,0.9725,0.7914,0.042
reg_do03_features_d32_h4_l2_linear_catordinal_do0.3,6,26177,64.0,0.8375,0.0369,0.8125,0.0217,0.9721,0.779,0.0444
reg_wd1e3_features_d32_h4_l2_linear_catordinal_wd0.001,6,26177,68.7,0.8317,0.0338,0.8124,0.0239,0.975,0.7883,0.042
bert_ft_features_d32_h4_l2_linear_catordinal_tembft,6,22751713,41.2,0.8223,0.0371,0.8112,0.0272,0.9749,0.7856,0.0438
camp_ordinal_l4_features_d32_h4_l4_linear_catordinal,6,51393,77.2,0.828,0.0261,0.811,0.0471,0.974,0.7889,0.0421
robu_init45_features_d32_h4_l2_linear_catordinal_init45,6,26177,63.7,0.8279,0.0446,0.8097,0.0286,0.974,0.7864,0.0416
feat_mlm20_features_d32_h4_l2_linear_mlm20,6,28289,40.8,0.8309,0.0222,0.8089,0.0342,0.9734,0.7852,0.043
reg_ls01_features_d32_h4_l2_linear_catordinal_ls0.1,6,26177,52.8,0.8265,0.0275,0.8088,0.0432,0.9728,0.7818,0.0431
feat_cartaux03_features_d32_h4_l2_linear_cartaux0.3,6,28322,52.7,0.8244,0.0377,0.8086,0.023,0.9735,0.7909,0.042
camp_d64l4_features_d64_h4_l4_linear,6,205313,50.5,0.8343,0.0281,0.8082,0.026,0.975,0.7917,0.0424
camp_h1l4_features_d32_h1_l4_linear,6,53505,64.2,0.8223,0.0338,0.808,0.0344,0.9668,0.7907,0.0419
sia_som16_features_d32_h4_l2_linear_catordinal_som4,6,26721,51.7,0.8266,0.0336,0.8073,0.0194,0.973,0.7862,0.043
sia_ae_cls_emb_features_d32_h4_l2_linear_ae20,6,28289,53.0,0.8296,0.034,0.805,0.0348,0.9732,0.7885,0.0419
pac20_feat_l4_features_d32_h4_l4_linear,6,53505,48.0,0.8272,0.0295,0.803,0.018,0.9722,0.7895,0.0419
cv5_fold3_features_d32_h4_l2_linear_catordinal_cv5f3,6,26177,58.2,0.8375,0.0341,0.8023,0.031,0.9723,0.7847,0.0446
min_l1_features_d32_h4_l1_linear_catordinal,6,13569,66.3,0.8147,0.0313,0.8009,0.0499,0.9736,0.785,0.0419
robu_init43_features_d32_h4_l2_linear_catordinal_init43,6,26177,59.8,0.8156,0.0208,0.8007,0.05,0.9732,0.7844,0.0425
camp_d64h1_features_d64_h1_l2_linear,6,105729,47.5,0.8324,0.0288,0.8003,0.0312,0.9707,0.7938,0.042
camp_ordinal_h1_features_d32_h1_l2_linear_catordinal,6,26177,62.5,0.8232,0.0298,0.8,0.0306,0.9731,0.7874,0.043
feat_d64_features_d64_h4_l2_linear,6,105729,27.7,0.8197,0.02,0.7995,0.0326,0.9713,0.7859,0.0423
bert_ft_sin_features_d32_h4_l2_linear_catordinal_tembft_sin-listingstatus,6,22751649,41.3,0.8167,0.029,0.7984,0.0445,0.9707,0.7887,0.0428
pac20_feat_base_features_d32_h4_l2_linear,6,28289,62.3,0.8271,0.0324,0.7981,0.0357,0.9738,0.7882,0.0422
pac20_feat_d16_features_d16_h4_l2_linear,6,8001,59.5,0.8113,0.0419,0.7977,0.0303,0.9722,0.7887,0.0424
tl_mlm_l2sp_features_d32_h4_l2_linear_mlm20_l2sp0.001,6,28289,37.5,0.8292,0.0318,0.7975,0.0333,0.9722,0.7877,0.0429
mlp_onehot_mlp_d32_h4_l2_linear_catonehot,6,86785,32.3,0.815,0.0357,0.7973,0.0318,0.9747,0.7955,0.041
feat_l4_features_d32_h4_l4_linear,6,53505,27.5,0.8217,0.0252,0.7958,0.0267,0.9695,0.7901,0.0419
feat_cartaux01_features_d32_h4_l2_linear_cartaux0.1,6,28322,69.5,0.8147,0.0421,0.7956,0.0365,0.9719,0.7917,0.0425
pac20_feat_h2_features_d32_h2_l2_linear,6,28289,59.8,0.8146,0.0424,0.7953,0.0099,0.9726,0.7884,0.0424
reg_fdrop02_features_d32_h4_l2_linear_catordinal_fdrop0.2,6,26177,63.2,0.8202,0.0342,0.7951,0.0518,0.9727,0.7818,0.0428
feat_causal_last_features_d32_h4_l2_linear_clslast_causal,6,28289,51.7,0.8143,0.0234,0.795,0.032,0.9714,0.7829,0.0437
min_d4l1_features_d4_h4_l1_linear_catordinal,6,353,90.7,0.8144,0.0355,0.795,0.031,0.9673,0.7801,0.0466
feat_status_target_features_d32_h4_l2_linear_cfe-listingstatus-target,6,27681,61.3,0.8179,0.0429,0.7947,0.0361,0.9662,0.7889,0.0434
pac20_feat_pos_features_d32_h4_l2_linear_positional,6,28737,66.3,0.8222,0.0407,0.7946,0.0307,0.9721,0.7866,0.0429
tl_distill_ens_d4l1_features_d4_h4_l1_linear_catordinal_dst1,6,353,82.2,0.8188,0.0445,0.7944,0.0254,0.9675,0.7815,0.045
feat_base_features_d32_h4_l2_linear,6,28289,32.3,0.8034,0.0375,0.7937,0.0335,0.974,0.7914,0.042
feat_extras_features_d32_h4_l2_linear_extra-all,6,28673,49.0,0.8157,0.0224,0.7925,0.0482,0.9704,0.781,0.0436
feat_cartaux05_features_d32_h4_l2_linear_cartaux0.5,6,28322,63.5,0.8317,0.032,0.7913,0.0277,0.9727,0.7891,0.0435
sia_som64_features_d32_h4_l2_linear_catordinal_som8,6,28257,52.0,0.8173,0.0207,0.7909,0.0311,0.9709,0.7886,0.0426
pac20_feat_d8_features_d8_h4_l2_linear,6,2465,66.0,0.8106,0.03,0.7883,0.0549,0.9639,0.785,0.0443
feat_status_ordinal_features_d32_h4_l2_linear_cfe-listingstatus-ordinal,6,27681,48.2,0.8236,0.0422,0.7867,0.0321,0.9726,0.7901,0.0433
abl_sinln_features_d32_h4_l2_linear_catordinal_sinln,6,25857,121.0,0.8092,0.0366,0.7866,0.0354,0.9703,0.7788,0.0442
feat_h2_features_d32_h2_l2_linear,6,28289,33.2,0.8055,0.0406,0.7847,0.0184,0.9691,0.782,0.0442
curva_frac50_features_d32_h4_l2_linear_catordinal_frac0.5,6,26177,57.0,0.8053,0.0459,0.7802,0.0271,0.9679,0.7846,0.0446
feat_h1_features_d32_h1_l2_linear,6,28289,30.7,0.7948,0.0435,0.7785,0.0602,0.9646,0.7812,0.0489
feat_tiempo_features_d32_h4_l2_linear_extra-hour-dow,6,28609,40.8,0.8083,0.0324,0.7761,0.0521,0.9698,0.7886,0.0436
pac20_feat_bins_features_d32_h4_l2_bins,6,30977,40.2,0.7987,0.0336,0.7755,0.0275,0.9675,0.7842,0.0447
pac20_feat_l1_features_d32_h4_l1_linear,6,15681,41.8,0.8048,0.0368,0.7754,0.0416,0.97,0.7898,0.0434
tower_base_tower_d32_h4_l2_linear,6,96225,26.8,0.8042,0.0249,0.7751,0.0222,0.9732,0.7954,0.0425
fusion_base_fusion_d32_h4_l2_linear,6,63969,28.8,0.7968,0.028,0.7748,0.0364,0.9693,0.7854,0.0436
bert_mlp_mlp_d32_h4_l2_linear_catordinal_temb-minilm,6,3294401,36.2,0.8137,0.0227,0.7733,0.0321,0.9706,0.7765,0.0486
camp_ordinal_d64h1l4_features_d64_h1_l4_linear_catordinal,6,201089,56.3,0.8007,0.0314,0.7726,0.0657,0.9703,0.7833,0.0434
pac20_tower_base_tower_d32_h4_l2_linear,6,96225,40.7,0.8041,0.0246,0.7724,0.022,0.9726,0.7941,0.0431
tower_status_campo_tower_d32_h4_l2_linear_stripstatus,6,96225,26.0,0.8036,0.0247,0.7721,0.0231,0.9729,0.7951,0.0426
feat_d8_features_d8_h4_l2_linear,6,2465,25.7,0.7961,0.0329,0.7719,0.0682,0.9589,0.7851,0.0451
feat_d16_features_d16_h4_l2_linear,6,8001,26.2,0.7826,0.051,0.7718,0.0212,0.9646,0.7827,0.0453
feat_bins_features_d32_h4_l2_bins,6,30977,20.5,0.796,0.0351,0.7661,0.0216,0.9626,0.7833,0.0478
feat_l1_features_d32_h4_l1_linear,6,15681,23.5,0.7941,0.0318,0.766,0.0499,0.9689,0.789,0.0441
feat_mean_features_d32_h4_l2_linear_mean,6,28289,25.0,0.7952,0.0379,0.7644,0.0422,0.9608,0.7825,0.0456
pac20_feat_mean_features_d32_h4_l2_linear_mean,6,28289,45.2,0.798,0.0368,0.7644,0.0424,0.9629,0.7831,0.045
feat_pos_features_d32_h4_l2_linear_positional,6,28737,25.3,0.7804,0.021,0.7619,0.0449,0.9644,0.7872,0.0436
curva_frac25_features_d32_h4_l2_linear_catordinal_frac0.25,6,26177,86.8,0.7867,0.0359,0.758,0.0473,0.9639,0.7769,0.0483
fusion_words_w2v_fusion_d32_h4_l2_linear_wordsw2v,6,68865,21.7,0.8023,0.04,0.7571,0.0542,0.9634,0.7792,0.0545
bert_token_features_d32_h4_l2_linear_catordinal_temb-minilm,6,38497,46.7,0.7912,0.0315,0.7509,0.0598,0.9652,0.7694,0.049
pac20_mlp_base_mlp_d32_h4_l2_linear,6,126209,31.2,0.7902,0.0299,0.7503,0.0334,0.9699,0.7828,0.0453
listwise_texto_listwisetexto_d32_h4_l2_linear,4,78305,55.0,0.7963,0.0253,0.7491,0.0602,0.9613,0.7807,0.0505
fusion_words_fusion_d32_h4_l2_linear_words,6,68865,21.0,0.784,0.0334,0.7467,0.0369,0.9682,0.7887,0.0444
mlp_base_mlp_d32_h4_l2_linear,6,126209,17.8,0.7875,0.0299,0.7461,0.0359,0.9698,0.7849,0.0449
pac20_listwise_base_listwise_d32_h4_l2_linear,6,41601,63.3,0.7876,0.0257,0.7395,0.0358,0.9633,0.7848,0.0501
pac20_feat_posweight_features_d32_h4_l2_linear_posweight,6,28289,45.5,0.803,0.0319,0.739,0.0474,0.963,0.7888,0.0633
pac20_hybrid_sin_regex_hybrid_d32_h4_l2_linear_sin-listingstatus,6,38369,42.3,0.7679,0.0368,0.7355,0.0378,0.9547,0.7607,0.0518
pac20_hybrid_full_hybrid_d32_h4_l2_linear,6,39073,43.7,0.7765,0.0358,0.7349,0.0307,0.9609,0.772,0.0483
hybrid_status_campo_hybrid_d32_h4_l2_linear_stripstatus,6,39073,29.3,0.7687,0.0317,0.7327,0.0465,0.9567,0.7813,0.046
feat_posweight_features_d32_h4_l2_linear_posweight,6,28289,23.3,0.7927,0.0266,0.7317,0.0432,0.9616,0.7903,0.0623
pac20_tower_sin_regex_tower_d32_h4_l2_linear_sin-listingstatus,6,91457,51.8,0.7579,0.0227,0.731,0.0414,0.9503,0.7609,0.0512
tower_sin_regex_tower_d32_h4_l2_linear_sin-listingstatus,6,91457,32.3,0.7533,0.0229,0.726,0.0347,0.9515,0.7512,0.0529
hybrid_sin_regex_hybrid_d32_h4_l2_linear_sin-listingstatus,6,38369,30.7,0.7641,0.0434,0.7114,0.0319,0.9468,0.7464,0.0536
hybrid_full_hybrid_d32_h4_l2_linear,6,39073,20.5,0.7459,0.0337,0.7054,0.0618,0.9582,0.7806,0.046
listwise_base_listwise_d32_h4_l2_linear,6,41601,26.5,0.7479,0.0447,0.698,0.0437,0.9545,0.7741,0.0505
bert_token_sin_features_d32_h4_l2_linear_catordinal_temb-minilm_sin-listingstatus,6,38433,51.5,0.708,0.0437,0.6669,0.0267,0.935,0.6802,0.0655
text_base_text_d32_h4_l2_linear,6,35713,25.8,0.6913,0.0241,0.6524,0.0386,0.9461,0.7585,0.0515
text_d64_text_d64_h4_l2_linear,6,120577,21.8,0.6862,0.0235,0.651,0.0242,0.9367,0.7471,0.0545
text_words_text_d32_h4_l2_linear_words,6,40609,19.5,0.7039,0.0351,0.6467,0.0445,0.948,0.7668,0.0527
pac20_text_base_text_d32_h4_l2_linear,6,35713,39.0,0.6835,0.0298,0.6339,0.0337,0.9432,0.7512,0.0548
pac20_text_d64_text_d64_h4_l2_linear,6,120577,43.5,0.6921,0.024,0.6299,0.0261,0.935,0.7339,0.0582
text_len96_text_d32_h4_l2_linear,6,30593,24.3,0.664,0.0457,0.6257,0.0286,0.9441,0.7342,0.0554
bert_solo_mlp_d32_h4_l2_linear_temb-minilm_sin-all,6,3187073,49.3,0.5975,0.031,0.5666,0.0431,0.9292,0.6471,0.0774
feat_hash8_features_d32_h4_l2_linear_cathashing8,6,27521,52.2,0.5197,0.0389,0.4981,0.0412,0.8799,0.5028,0.0822
abl_sinres_features_d32_h4_l2_linear_catordinal_sinres,6,26177,37.5,0.2367,0.1099,0.2326,0.1111,0.6522,0.308,0.1084
sia_ae_mlp_mlp_d32_h4_l2_linear_ael16,6,148865,66.2,0.2699,0.0512,0.2284,0.0355,0.6833,0.3191,0.1052
feat_freq_features_d32_h4_l2_linear_catfreq,6,26177,68.7,0.2388,0.0968,0.2176,0.0953,0.6418,0.2979,0.104
sia_pca_mlp_mlp_d32_h4_l2_linear_pca16,6,148865,67.0,0.2278,0.0279,0.2008,0.0231,0.64,0.2862,0.1071
pac20_feat_intrinseco_features_d32_h4_l2_linear_sin-listingstatus,6,27617,38.3,0.1864,0.016,0.1619,0.0109,0.5812,0.2493,0.1079
pac20_hybrid_intrinseco_hybrid_d32_h4_l2_linear_stripstatus_sin-listingstatus,6,38369,38.2,0.1846,0.0166,0.1599,0.0173,0.593,0.259,0.1077
feat_intrinseco_features_d32_h4_l2_linear_sin-listingstatus,6,27617,19.5,0.1851,0.0142,0.1591,0.0136,0.5797,0.2496,0.1077
tl_mlm_probe_features_d32_h4_l2_linear_mlm20_do0_frz,6,28289,201.7,0.1869,0.0122,0.1566,0.0157,0.5657,0.2477,0.1081
hybrid_intrinseco_hybrid_d32_h4_l2_linear_stripstatus_sin-listingstatus,6,38369,22.8,0.1765,0.0226,0.1502,0.0136,0.5685,0.2482,0.1088
text_intrinseco_text_d32_h4_l2_linear_stripstatus,6,35713,16.3,0.1548,0.0074,0.1421,0.0128,0.5361,0.2326,0.1085
pac20_text_intrinseco_text_d32_h4_l2_linear_stripstatus,6,35713,31.0,0.1581,0.0057,0.141,0.0127,0.5333,0.2326,0.1085
tl_mlm_probe_ord_features_d32_h4_l2_linear_catordinal_mlm20_do0_frz,6,26177,95.7,0.1685,0.0189,0.1376,0.0172,0.5317,0.2327,0.1087
bert_solo_intr_mlp_d32_h4_l2_linear_temb-minilmintr_sin-all,6,3187073,33.0,0.1468,0.0158,0.1283,0.0082,0.5076,0.2246,0.1093
feat_causal_features_d32_h4_l2_linear_causal,6,28289,9.0,0.1323,0.0068,0.1237,0.0061,0.4996,0.2201,0.1169
pac20_feat_causal_features_d32_h4_l2_linear_causal,6,28289,21.0,0.1323,0.0068,0.1237,0.0061,0.4996,0.2201,0.1169
